Material,Description
2002306,907
2002306,908
675010249,BCG
180SAB14,180SAB
845SCA14,845S
BG90060WL01,90060S
BG90060WL01,W
IND2002187,1678S
IND2002187,3054N
IND2002187,S
IND2002187,3065S
IND2002187,3069K
IND2002187,3072
ND20021100,2522S
ND20021100,Y
ND20021100,5551G
ND20021100,5567G
ND20021100,5551D
ND20021102,1640
ND20021102,50
ND20021102,1715
ND20021102,37
ND20021102,3144
ND20021102,7110
ND20021102,111
ND20021107,3111K
ND20021107,3228S
ND20021107,90141YM01
ND2002111,103
ND2002111,103A
ND2002111,104
ND2002111,109
ND2002111,113
ND2002111,222
ND20021111,6072S
ND20021111,6145Q
ND20021111,87026P
ND20021116,1738S
ND20021116,1776S
ND20021116,Y
ND20021116,1777S
ND20021116,Y
ND20021116,1806S
ND20021116,W
ND20021119,2578
ND20021119,2603
ND20021119,2608
ND20021119,2643
ND20021119,6183
ND20021119,9162
ND2002112,111
ND2002112,111C
ND2002112,111D
ND2002112,228
ND2002112,308
ND2002116,236
ND2002117,892Y
ND2002117,893Y
ND2002118,656S
ND2002122,1006S
ND2002122,Y
ND2002122,183Y
ND2002122,184Y
ND2002122,2274G
ND2002122,6040S
ND200215/02,1044S
ND200215/02,1044Y
ND200215/02,1044N
ND2002162,452S
ND2002163,2161S
ND2002163,2404S
ND2002163,2527Q
ND2002176,1915S
ND2002176,191Y
ND2002176,2039S
ND2002178,2298S
ND2002178,2349B
ND2002181,1380Y
ND2002187,1678S
ND2002187,3054N
ND2002187,3054S
ND2002187,3065S
ND2002187,3069K
ND2002195,1677
ND2002195,3070
ND2002195,9462
ND2002195,B263
ND20021S/01,1043S
ND20021S/01,10445
ND20021S/02,1044S
ND20021S/02,1044Y
ND20021S/02,1044N
ND20021S/06,1517
ND20021S/06,1595
ND20021S/06,1684
ND20021S/07,1515
ND20021S/07,1575
ND20021S/07,5047
ND20021S/09,1514
ND20021S/09,1518
ND20021S/09,1577
ND20021S/09,1685
ND20021S/09,40001
ND20021S/09,40003
ND20021S/09,5058
ND20021S/09,5067
ND2002551,386
ND2002551,556
ND2002551,557
ND2002551,558
ND2002551,825
ND2002551,44
ND2002551,46
ND2002551,48
ND2002561,182
ND2002561,316
ND2002561,407
ND2002561,331
ND2002561,454
ND845SCA14,845B
ND845SCA14,Y
ND845SCA14,2028D
ND845SCA14,5506D
NE2002101,192S
NE2002102,1073S
NE2002102,1229S
NE2002103,1402B
NE2002104,191
NE2002104,193
NE2002104,193C
NE2002104,225A
NE2002105,117
NE2002105,142
NE2002105,192
NE2002105,217
NE2002105,218
NE2002105,274
NE2002106,2095S
NE2002106,2404S
NE2002106,2513N
NE2002108,1391S
NE2002109,103
NE2002109,122
NE2002109,169
NE2002109,177
NE2002109,262
NE2002109,281
NE2002110,6028
NE2002110,32
NE2002110,8047
NE2002110,8148
NE2002110,87001
NE2002110,87005
NE2002110,95036
NE20021103,1634
NE20021103,1701
NE20021103,1707
NE20021103,1754-35.50
NE20021103,X
NE20021103,0.70
NE20021105,1445
NE20021105,1648
NE20021105,51
NE20021105,2554
NE20021105,6112
NE20021105,6152
NE20021105,56
NE20021105,58
NE20021109,2490
NE20021109,2540
NE20021109,74
NE20021109,84
NE20021109,6100
NE20021109,25
NE20021109,8133
NE20021109,43
NE20021120,17.50X0.50
NE2002113,194
NE2002113,194C
NE2002113,203
NE2002115,192
NE2002115,B
NE2002115,192C
NE2002115,223
NE2002115,225D
NE2002115,326
NE2002131,131
NE2002131,131C
NE2002131,133
NE2002131,134
NE2002131,149
NE2002132,195Y
NE2002132,197Y
NE2002137,138C
NE2002137,138D
NE2002137,215
NE2002137,237A
NE2002137,257
NE2002137,C
NE2002139,1947B
NE2002142,2040Y
NE2002142,2042Y
NE2002142,2175Y
NE2002143,111
NE2002143,142
NE2002143,1075
NE2002143,2097
NE2002143,2264
NE2002143,99
NE2002143,2345
NE2002144,107C
NE2002144,122C
NE2002144,301
NE2002144,310C
NE2002144,302
NE2002144,5
NE2002146,141C
NE2002146,143D
NE2002146,216
NE2002146,348
NE2002146,367
NE2002147,155B
NE2002147,C
NE2002147,187A
NE2002147,198
NE2002147,199
NE2002147,257
NE2002148,134C
NE2002148,153
NE2002148,162C
NE2002148,296
NE2002148,297
NE2002148,298
NE2002149,131A
NE2002149,247
NE2002149,247A
NE2002149,253
NE2002149,312
NE2002150,138
NE2002150,139
NE2002150,140
NE2002150,161C
NE2002151,139C
NE2002151,139D
NE2002151,140C
NE2002151,140D
NE2002151,278C
NE2002152,177C
NE2002152,301
NE2002152,301C
NE2002152,302
NE2002152,304
NE2002153,214A
NE2002153,222A
NE2002153,C
NE2002153,293
NE2002153,309
NE2002153,355
NE2002154,136C
NE2002154,231
NE2002154,289
NE2002154,290
NE2002156,1043
NE2002156,1070
NE2002156,1170
NE2002156,1257
NE2002156,1481
NE2002156,1526
NE2002156,5001
NE2002165,1936S
NE2002169,2123Y
NE2002173,1249
NE2002173,1449
NE2002173,1479
NE2002173,5006
NE2002173,16
NE2002173,24
NE2002173,25
NE2002173,34
NE2002173,1401
NE2002174,1044
NE2002174,1246
NE2002174,47
NE2002174,5007
NE2002174,13
NE2002174,15
NE2002174,17
NE2002174,22
NE2002174,27
NE2002175,1492
NE2002175,1499
NE2002175,1508
NE2002175,84
NE2002175,85
NE2002175,87
NE2002175,1627
NE2002175,32
NE2002175,56
NE2002180,1353S
NE2002182,736P
NE2002183,1420S
NE2002183,1491Y
NE2002183,1506S
NE2002184,2414S
NE2002184,Y
NE2002185,1477
NE2002185,90
NE2002185,95
NE2002185,1582
NE2002185,87
NE2002185,1663
NE2002185,65
NE2002185,67
NE2002185,1477
NE2002185,90
NE2002185,95
NE2002185,1582
NE2002185,87
NE2002185,1663
NE2002185,65
NE2002185,67
NE2002185,9323
NE2002185,
NE2002186,3078S
NE2002186,3094N
NE2002186,3096
NE2002188,1546
NE2002188,48
NE2002188,86
NE2002188,94
NE2002188,1608
NE2002188,3020
NE2002188,35
NE2002188,27
NE2002188,33
NE2002188,36
NE2002189,1600
NE2002189,27
NE2002189,31
NE2002189,43
NE2002189,89
NE2002189,97
NE2002189,99
NE2002189,1708
NE2002189,19
NE2002189,56
NE2002192,7067S
NE2002192,7086S
NE2002198,1489
NE2002198,1589
NE2002198,1625
NE2002198,1679
NE2002198,3021
NE2002198,3106
NE2002198,3129
NE20021S/03,679S
NE20021S/03,T
NE20021S/03,W
NE20021S/03,Y
NE20021S/04,1514
NE20021S/04,18N
NE20021S/04,1596N
NE20021S/04,1599N
NE20021S/05,1515
NE20021S/05,1598
NE20021S/05,5049
NE20021S/05,52
NE20021S/05,54
NE20021S/05,63
NE2002555,113Y
NE2002555,804
NE2002555,5
NE2002555,567
NE2002555,8
NE2002555,12
NE2002555,13
NE2002555,49
NE2002557,170A
NE2002557,209Y
NE2002557,390
NE2002557,504
NE2002557,5
NE2002557,564
NE2002557,9
NE2002558,180S
NE2002558,180Y
NE2002559,241
NE2002559,2
NE2002559,511
NE2002559,43
NE2002559,35
NE2002559,20
NE2002559,21
NE2002559,27
NE2002564,880
NE2002564,991D
NE2002564,993D
NE2002564,2921D
NF20021100,2522S
NF20021100,Y
NF20021100,5551G
NF20021100,5567G
NF20021100,5551D
NF20021102,1640
NF20021102,50
NF20021102,1715
NF20021102,37
NF20021102,3144
NF20021102,7110
NF20021102,111
NF20021107,3111K
NF20021107,3228S
NF20021107,90141YM01
NF20021110,2037Y
NF20021110,2040Y
NF20021110,2050B
NF20021110,S
NF20021110,W
NF20021110,Y
NF20021110,2370SW
NF20021111,6072S
NF20021111,6145Q
NF20021111,87026P
NF20021119,2578
NF20021119,2603
NF20021119,2608
NF20021119,2643
NF20021119,6183
NF20021119,9162
NF2002122,1006S
NF2002122,Y
NF2002122,183Y
NF2002122,184Y
NF2002122,2274G
NF2002122,6040S
NF2002160,6046
NF2002160,6078
NF2002160,7053
NF2002160,1133
NF2002160,-27.50
NF2002160,X
NF2002160,0.60
NF2002176,1915S
NF2002176,191Y
NF2002176,20395
NF2002176,1915S
NF2002176,191Y
NF2002176,2039S
NF2002178,2298S
NF2002178,2349B
